{"cameraMode":{"drawMode":0,"name":"Shaded","section":"Shading Mode"},"sceneLighting":false,"audioPlay":false,"sceneViewState":{"showFog":false,"showMaterialUpdate":false,"showSkybox":true,"showFlares":false,"showImageEffects":false,"showParticleSystems":false},"in2DMode":false,"pivot":{"x":0.9871739745140076,"y":0.9012605547904968,"z":0.42270833253860476},"rotation":{"x":0.0042893290519714359,"y":0.9177436232566834,"z":-0.39703691005706789,"w":0.00991267804056406},"size":2.136000871658325,"orthographic":false}