{"cameraMode":{"drawMode":0,"name":"Shaded","section":"Shading Mode"},"sceneLighting":false,"audioPlay":false,"sceneViewState":{"showFog":false,"showMaterialUpdate":false,"showSkybox":false,"showFlares":false,"showImageEffects":false,"showParticleSystems":false},"in2DMode":false,"pivot":{"x":-1.0383460521697999,"y":0.5200573801994324,"z":-13.514554977416993},"rotation":{"x":-0.07512952387332916,"y":0.8189707398414612,"z":-0.11024658381938935,"w":-0.5581260323524475},"size":1.0330126285552979,"orthographic":false}