{"cameraMode":{"drawMode":0,"name":"Shaded","section":"Shading Mode"},"sceneLighting":false,"audioPlay":false,"sceneViewState":{"showFog":false,"showMaterialUpdate":false,"showSkybox":true,"showFlares":false,"showImageEffects":false,"showParticleSystems":false},"in2DMode":false,"pivot":{"x":-1.497049331665039,"y":1.9842567443847657,"z":2.960559844970703},"rotation":{"x":-0.4726361036300659,"y":-0.01005149818956852,"z":0.005384841933846474,"w":-0.8811952471733093},"size":11.451437950134278,"orthographic":false}