{"cameraMode":{"drawMode":0,"name":"Shaded","section":"Shading Mode"},"sceneLighting":false,"audioPlay":false,"sceneViewState":{"showFog":false,"showMaterialUpdate":false,"showSkybox":false,"showFlares":false,"showImageEffects":false,"showParticleSystems":false},"in2DMode":false,"pivot":{"x":0.08650010824203491,"y":0.0,"z":-0.11500008404254914},"rotation":{"x":-0.25856396555900576,"y":0.5400046110153198,"z":-0.1788443773984909,"w":-0.7807575464248657},"size":2.2398622035980226,"orthographic":false}