{"cameraMode":{"drawMode":0,"name":"Shaded","section":"Shading Mode"},"sceneLighting":false,"audioPlay":false,"sceneViewState":{"showFog":false,"showMaterialUpdate":false,"showSkybox":true,"showFlares":false,"showImageEffects":false,"showParticleSystems":false},"in2DMode":false,"pivot":{"x":0.8676251769065857,"y":2.3056559562683107,"z":-0.567763090133667},"rotation":{"x":-0.0014703382039442659,"y":0.9788746237754822,"z":-0.20435528457164765,"w":-0.0070471931248903278},"size":2.136000871658325,"orthographic":false}