{"cameraMode":{"drawMode":0,"name":"Shaded","section":"Shading Mode"},"sceneLighting":false,"audioPlay":false,"sceneViewState":{"showFog":false,"showMaterialUpdate":false,"showSkybox":true,"showFlares":false,"showImageEffects":false,"showParticleSystems":false},"in2DMode":false,"pivot":{"x":-0.05586528033018112,"y":-2.25864839553833,"z":-6.534020900726318},"rotation":{"x":-0.31809404492378237,"y":0.4291549623012543,"z":-0.164641872048378,"w":-0.8291950225830078},"size":9.65626049041748,"orthographic":false}